{"nodes": [{"data": {"closingQuestion": "How does that price sound?", "isStart": false, "label": "Present Quote"}, "dragging": false, "height": 113, "id": "1202", "position": {"x": 372.49999999999994, "y": 367}, "positionAbsolute": {"x": 372.49999999999994, "y": 367}, "selected": false, "type": "quoteNode", "width": 272}, {"data": {"isStart": false, "label": "Select Carrier"}, "dragging": false, "height": 91, "id": "2053", "position": {"x": 189.08717372536125, "y": 218.79566261606243}, "positionAbsolute": {"x": 189.08717372536125, "y": 218.79566261606243}, "selected": false, "type": "carrierNode", "width": 272}, {"data": {"isStart": true, "label": "Call start", "text": "test"}, "dragging": false, "height": 143, "id": "1825", "position": {"x": 187.65393075419342, "y": 21.72475408046693}, "positionAbsolute": {"x": 187.65393075419342, "y": 21.72475408046693}, "selected": true, "type": "scriptNode", "width": 274}], "edges": [{"id": "reactflow__edge-1-3360", "label": "Next", "source": "1", "sourceHandle": null, "target": "3360", "targetHandle": null}, {"id": "reactflow__edge-3360-9333", "label": "New Quote", "source": "3360", "sourceHandle": null, "target": "9333", "targetHandle": null}, {"id": "reactflow__edge-3360-1202", "label": "Sell It!", "source": "3360", "sourceHandle": null, "target": "1202", "targetHandle": null}, {"id": "reactflow__edge-3360-3360", "label": "new quote", "selected": false, "source": "3360", "sourceHandle": null, "target": "3360", "targetHandle": null}, {"id": "reactflow__edge-2053-2053", "label": "New quote", "source": "2053", "sourceHandle": null, "target": "2053", "targetHandle": null}, {"id": "reactflow__edge-2053-1202", "label": "sell it", "source": "2053", "sourceHandle": null, "target": "1202", "targetHandle": null}, {"id": "reactflow__edge-1825-2053", "label": "Next", "source": "1825", "sourceHandle": null, "target": "2053", "targetHandle": null}], "carriers": {"1": {"id": "1", "name": "Progressive", "phone": "1-800-776-4737", "portal": "foragentsonly.com", "script": "Here you can put specific carrier information to allow a guided quoting experience that highlights common mistakes or pain points."}, "2": {"id": "2", "name": "Geico", "phone": "1-800-841-3000", "portal": "geico.com/agents", "script": "Test"}, "1770238023696": {"id": "1770238023696", "name": "National General", "phone": "78773773737", "portal": "test.com", "script": "Test"}}, "quoteSettings": {"coverageFormat": "{label} with {value}", "coverages": [{"format": "{label} at {value}", "hasInput": true, "id": "bi_pd", "isPolicyLevel": true, "label": "Bodily Injury Liability", "placeholder": "e.g. 100/300"}, {"format": "{label} with a {value}", "hasInput": true, "id": "comp", "isPolicyLevel": false, "label": "Comprehensive", "placeholder": "e.g. $500 Ded"}, {"format": "{label} with a {value}", "hasInput": true, "id": "coll", "label": "Collision", "placeholder": "e.g. $500 Ded"}, {"format": "{value} for {label}", "hasInput": true, "id": "rental", "label": "Rental"}, {"format": "{label} with a {value}", "hasInput": false, "id": "towing", "label": "Roadside"}, {"format": "{label} with a {value}", "hasInput": false, "id": "gap", "label": "Gap Coverage"}, {"format": "{label} with a {value}", "hasInput": true, "id": "1770239542419", "isPolicyLevel": true, "label": "PIP"}, {"format": "{label} with a {value}", "hasInput": true, "id": "1770239554968", "isPolicyLevel": true, "label": "Uninsured Motorist Bodily Injury"}, {"format": "{label} with a {value}", "hasInput": true, "id": "1770239576712", "isPolicyLevel": true, "label": "Uninsured Motorist Property Damage"}, {"format": "{label} with a {value}", "hasInput": true, "id": "1770245938448", "isPolicyLevel": true, "label": "Property Damage Liability "}], "template": "Excellent news, I found a great rate with {carrier}. {policy}. {vehicles}. I will get this started today for {down} down and {monthly} a month. {closing}", "vehicleTemplate": "for your {name}, we have you set up with {coverages}"}, "resources": [{"content": "link.com", "id": "1", "title": "Sales Resources", "type": "link"}]}